pengelola,cluster,ha_sitaan,jml_estate,jml_polres,polres_list,merah,kuning,hijau,alias_mentah
Belum ada KSO / dikelola langsung,Gap / belum KSO,122697.53,20,8,"Bengkalis, Dumai, Inhu, Kampar, Kep. Meranti, Pelalawan, Rohil, Siak",0,2,11,- | 10 KSO penunjukan Agrinas | 8 KSO (nama tidak lengkap di sumber) | Belum ada KSO | Dikelola sendiri
Agrinas Palma Nusantara,Agrinas langsung,85339.22,21,6,"Bengkalis, Inhu, Kampar, Kuansing, Pelalawan, Rohul",0,4,15,Agrinas | Agrinas / Koperasi Sahbela | Agrinas / RKG Sariman Siregar | Agrinas Palma Nusantara | Dikelola langsung Agrinas
Bernas Mulya Mandiri,Mitra KSO / CV / PT,15815.00,3,1,Inhu,0,0,3,Bernas Mulya Mandiri | Bernas Mulya Mandiri / Osten Panjaitan
Berlian Nusantara Perkasa,Mitra KSO / CV / PT,4745.00,1,1,Pelalawan,0,0,1,Berlian Nusantara Perkasa
PT Palma Agung Betuah (PAB),Hub PAM / bentrok,4557.19,1,1,Bengkalis,1,0,0,PT Palma Agung Betuah (PAB)
Agus S Lubis / Osten Panjaitan,Mitra KSO / CV / PT,4443.00,1,1,Inhu,0,0,1,Osten Panjaitan / Agus S Lubis
PT Satahi / Poktan Melayu Terpadu,Koperasi / Poktan,3200.00,1,1,Rohil,0,1,0,PT Satahi / Poktan Melayu Terpadu
PT Runggu,Mitra KSO / CV / PT,3000.00,2,1,Inhu,0,0,2,PT Runggu
Citra Mutiara Bumi Riau,Mitra KSO / CV / PT,2980.61,1,1,Inhil,0,1,0,Citra Mutiara Bumi Riau
TDE Tuah Daleh Esa,Mitra KSO / CV / PT,2349.23,1,1,Inhu,0,0,1,TDE Tuah Daleh Esa
Koperasi Jasa TKBM Siak Mahasakti Karya,Koperasi / Poktan,2144.14,1,1,Inhu,0,0,1,Koperasi Jasa TKBM Siak Mahasakti Karya
Dikembalikan Satgas,Mitra KSO / CV / PT,2000.00,1,1,Inhu,0,0,1,Dikembalikan Satgas
PT BWB / Koperasi K21,Koperasi / Poktan,1988.00,1,1,Rohil,0,1,0,PT BWB / Koperasi K21
PT Ujung Tanjung Sejahtera,Hub PAM / bentrok,1800.00,1,1,Rohil,1,0,0,PT Ujung Tanjung Sejahtera
PT PAS / Gerbang Pintu Air,Mitra KSO / CV / PT,1564.54,1,1,Inhu,0,0,1,PT PAS / Gerbang Pintu Air
Self / KSO,Mitra KSO / CV / PT,1498.00,1,1,Dumai,0,1,0,Self / KSO
PT Riden Jaya Konstruksi,Hub PAM / bentrok,1458.70,1,1,Dumai,0,1,0,PT Riden Jaya Konstruksi
Poktan Riau Jaya Makmur / Paruh Marta,Koperasi / Poktan,1445.00,1,1,Kampar,0,1,0,Poktan Riau Jaya Makmur / Paruh Marta
PT Nusantara Sawit Majuma,Hub PAM / bentrok,1383.92,1,1,Rohul,1,0,0,PT Nusantara Sawit Majuma
Kop. Sepahat Bersatu,Koperasi / Poktan,1204.90,1,1,Bengkalis,0,1,0,Kop. Sepahat Bersatu
Poktan Kampar Jaya Bersama,Koperasi / Poktan,1070.59,1,1,Kampar,0,1,0,Poktan Kampar Jaya Bersama
Digjaya Nata Persada,Mitra KSO / CV / PT,1008.00,1,1,Rohil,0,1,0,Digjaya Nata Persada
Poktan Riau Jaya Makmur,Hub PAM / bentrok,1000.00,1,1,Kampar,0,1,0,Poktan Riau Jaya Makmur
Agung Anugerah Sawit,Mitra KSO / CV / PT,960.00,1,1,Siak,0,0,1,Agung Anugerah Sawit
PT Cantya/Cintya Graha Indah,Mitra KSO / CV / PT,831.43,1,1,Rohul,0,0,1,PT Cantya/Cintya Graha Indah
CV Cipta Nugraha,Mitra KSO / CV / PT,750.21,1,1,Inhil,0,0,0,CV Cipta Nugraha
Kop. Mitra Karya Perkasa,Koperasi / Poktan,749.60,1,1,Bengkalis,0,1,0,Kop. Mitra Karya Perkasa
PT Tiga Raja Mas (H.M. Ali),Mitra KSO / CV / PT,724.52,1,1,Inhu,0,1,0,PT Tiga Raja Mas (H.M. Ali)
Maju Serempak,Mitra KSO / CV / PT,686.01,2,1,Pelalawan,0,0,2,Maju Serempak
CV Ginting Sukses Abadi,Mitra KSO / CV / PT,678.54,1,1,Rohul,0,1,0,CV Ginting Sukses Abadi
Belum KSO,Mitra KSO / CV / PT,671.78,1,1,Bengkalis,0,0,0,Belum KSO
PT Agrinas / relokasi TNTN,Mitra KSO / CV / PT,634.00,1,1,Kuansing,0,1,0,PT Agrinas / relokasi TNTN
Kop. Produsen Rumpun Sejahtera,Koperasi / Poktan,602.31,1,1,Rohil,0,1,0,Kop. Produsen Rumpun Sejahtera
Poktan JD Karya Mandiri,Koperasi / Poktan,574.00,1,1,Inhu,0,0,1,Poktan JD Karya Mandiri
Kop. Produsen Batang Kumu,Koperasi / Poktan,420.00,1,1,Rohil,0,1,0,Kop. Produsen Batang Kumu
Wana Agri Santosa,Mitra KSO / CV / PT,417.87,1,1,Kuansing,0,1,0,Wana Agri Santosa
Koperasi Parit Nantinggi,Koperasi / Poktan,394.24,1,1,Rohil,0,0,1,Koperasi Parit Nantinggi
Kop. Karya Indragiri Maju,Koperasi / Poktan,366.80,1,1,Pelalawan,0,0,1,Kop. Karya Indragiri Maju
CV Giza Gemilang,Mitra KSO / CV / PT,331.68,1,1,Inhu,0,0,1,CV Giza Gemilang
Poktan Bakti Karya Nyata,Koperasi / Poktan,208.00,1,1,Kuansing,0,0,1,Poktan Bakti Karya Nyata
Kop. Desa Merah Putih / PT Sardela,Koperasi / Poktan,197.00,1,1,Rohul,0,0,1,Kop. Desa Merah Putih / PT Sardela
KUD Elok Besamo,Koperasi / Poktan,182.00,1,1,Rohul,0,0,1,KUD Elok Besamo
Poktan Berkah Tani Sejahtera,Koperasi / Poktan,159.54,2,1,Inhil,0,0,2,Poktan Berkah Tani Sejahtera
CV Tiga Bintang Sinergi,Mitra KSO / CV / PT,138.78,1,1,Kuansing,0,0,1,CV Tiga Bintang Sinergi
Kop. Segati Sejahtera,Koperasi / Poktan,127.00,1,1,Pelalawan,0,0,1,Kop. Segati Sejahtera
Kop. Madani Berkah Bersama,Koperasi / Poktan,114.00,1,1,Bengkalis,0,0,1,Kop. Madani Berkah Bersama
Kop. Desa Segati,Koperasi / Poktan,111.82,1,1,Pelalawan,0,0,1,Kop. Desa Segati
Poktan LMMB,Koperasi / Poktan,85.00,1,1,Pelalawan,0,0,1,Poktan LMMB
Kop. Peduli Kampung Darul Aman,Koperasi / Poktan,83.00,1,1,Bengkalis,0,0,1,Kop. Peduli Kampung Darul Aman
Cahaya Puteri Melayu,Mitra KSO / CV / PT,78.00,1,1,Inhil,0,0,0,Cahaya Puteri Melayu
Satgas PKH,Mitra KSO / CV / PT,63.33,1,1,Inhu,0,0,1,Satgas PKH
KUD Balai Jaya Sempurna,Koperasi / Poktan,57.00,1,1,Inhu,0,0,1,KUD Balai Jaya Sempurna
CV Aristama Karya Persada,Mitra KSO / CV / PT,51.00,1,1,Inhu,0,0,1,CV Aristama Karya Persada
Tiga Bintang Sinergi,Mitra KSO / CV / PT,25.44,1,1,Siak,0,0,1,Tiga Bintang Sinergi
Berlian NP,Mitra KSO / CV / PT,10.00,1,1,Pelalawan,0,0,1,Berlian NP
Agus S Lubis,Mitra KSO / CV / PT,9.00,1,1,Inhu,0,0,1,Agus S Lubis
APN / SPK,Mitra KSO / CV / PT,0.00,1,1,Inhil,0,1,0,APN / SPK
Campuran,Mitra KSO / CV / PT,0.00,1,1,Bengkalis,0,0,1,Campuran
NIHIL KSO/Agrinas,Mitra KSO / CV / PT,0.00,1,1,Pekanbaru,0,0,0,NIHIL KSO/Agrinas
Sulastri,Mitra KSO / CV / PT,0.00,1,1,Inhu,0,0,1,Sulastri
Telangka Indo Permai; Danramil 02; Bengkalis Jangkang; Budi Murni; Kalingga; Anugrah Tuah Mulia; Duta Agrindo,Mitra KSO / CV / PT,0.00,1,1,Rohul,0,0,0,Telangka Indo Permai; Danramil 02; Bengkalis Jangkang; Budi Murni; Kalingga; Anugrah Tuah Mulia; Duta Agrindo
— (HTI/hutan),Mitra KSO / CV / PT,0.00,1,1,Siak,0,0,1,— (HTI/hutan)
